ชื่อคณะ,เบอร์ติดต่อ,รายละเอียด,lat,long,videoUrl,picture-url
หมอลำอรวรรณ รุ่งเรือง,810551823,"หมอลำอรวรรณ รุ่งเรือง ถือว่าเป็นหมอลำชั้นบรมครู มากด้วยความสามารถ และพรสวรรค์ เป็นผู้ที่มีน้ำเสียง ไพเราะ เป็นที่ประทับใจของผู้ได้รับฟัง หมอลำอรวรรณ ได้เดินสายกับหมอลำหลายคณะ อย่างเช่นหมอลำคณะหนึ่งรุ่งทิวาอำนวยศิลป์ และคณะก้องสยาม หมอลำอรวรรณ รุ่งเรือง ได้เรียนกับหมอลำบง ซึ่งเป็นหมอลำในหมู่บ้าน คอยฝึกฝนจนชำนาญ จนสามารถออกรับงานด้วยตัวเองได้ โดยการรับงานของหมอลำอรวรรณ รุ่งเรือง จะรับงานเดี่ยว หรือคู่ แล้วแต่เจ้าภาพต้องการ ถือได้ว่าเป็นศิลปินที่ผู้ว่าจ้างยอมรับผลงานอีกท่านหนึ่ง ปัจจุบันนางอรวรรณ รุ่งเรือง ถ่ายทอดเทคนิคการลำให้กับศิลปินหมอลำและผู้สนใจทั่วไป ด้วยกลอนลำที่โดดเด่นและเป็นที่นิยม เช่น กลอนดาวลูกไก่, บุญข้าวสาก, พระคุณพ่อแม่และค่าน้ำนม นอกจากนี้หมอลำอรวรรณ รุ่งเรือง ยังใช้เสียงลำในการขายสินค้าของตนตามตลาดนัด ผลปรากฏว่าได้รับความสนใจอย่างมาก",17.04924238,102.4209177,https://www.youtube.com/watch?v=76zwbqBg4Gc
อุดมศิลป์รวมดารา,086 638 4473,หมอลำอุดมศิลป์รวมดารา ก่อตั้งโดยนางวันดี พลทองสถิตย์ เกิดเมื่อวันอาทิตย์ ที่ 24 ธันวาคม พ.ศ. 2493 (72 ปี) เป็นบุตรคนที่ 6 ในจำนวนพี่น้องทั้งหมด 10 คน เกิดที่บ้านดอนธาตุ ตำบลหนองตูม อำเภอเมือง จังหวัดขอนแก่น วันดี เป็นผู้ที่มีผลงานการแสดงหมอลำนับแต่อดีตถึงปัจจุบันอย่างต่อเนื่อง ในปีพุทธศักราช 2507 ได้มีโอกาสบันทึกเสียงการแสดงหมอลำเผยแพร่ผ่านรายการวิทยุ โดยรับบทเป็นตัวประกอบหลายเรื่อง เช่น นางประกายแก้ว สินธนูปูคำ ท้าวหัวข่อหล่อ สามผัวไม่กลัวบาป เป็นต้น ปีพุทธศักราช 2508 เริ่มเป็นที่รู้จักในอีสาน เมื่อได้รับบทเป็นนางเอกหมอลำ ในการแสดงหมอลำพื้นบ้านเรื่อง “ปลาบู่ทอง” หลังจากนั้น ในปีพุทธศักราช 2510 นางวันดี พลทองสถิตย์ เป็นที่รู้จักและชื่นชอบของคนอีสานมากยิ่งขึ้น เมื่อได้แสดงเป็นนางเอกหมอลำเรื่อง “ขูลู - นางอั้ว” คนอีสานรู้จักนางวันดี พลทองสถิตย์ในนาม “หมอลำอุดมศิลป์” เมื่อได้ตัดสินใจตั้งคณะหมอลำ “อุดมศิลป์” เป็นของตัวเองในปีพุทธศักราช 2516 ด้วยความรักในศิลปะการแสดงหมอลำ หมอลำอุดมศิลป์จึงได้ยึดอาชีพ หมอลำหาเลี้ยงชีพตนเองและครอบครัวมาโดยตลอด โดยไม่คิดจะประกอบอาชีพอื่นใดอีกเลย,16.47664145,102.8632652,https://image.bangkokbiznews.com/uploads/images/md/2022/03/Qq0M3M9tlSoNjybN3oiQ.webp?x-image-process=style/LG,https://www.facebook.com/groups/412756168752547
หมอลำคณะประถมบันเทิงศิลป์,817398374,หมอลำคณะประถมบันเทิงศิลป์เป็นหมอลำเรื่องต่อกลอนทำนองขอนแก่นชั้นบรมครูที่สืบทอดกันมามากกว่า 50 ปี ก่อตั้งโดย คุณแม่หมอลำบุญถม นามวันทา ซึ่งเป็นหนึ่งในลูกศิษย์ต้นของพ่อครูหมอลำอินตา บุตรทา คุณแม่บุญถม นามวันทา ได้เริ่มก่อตั้งคณะประถมบันเทิงศิลป์ เมื่อปีพุทธศักราช 2500 หมอลำคณะประถมบันเทิงศิลป์ก่อกำเนิดขึ้นและยืนหยัดอยู่ได้จนถึงปัจจุบัน เพราะการสืบทอดเจตนารมณ์ จากแม่ครูหมอลำ บุญถม นามวันทา บรมครูหมอลำ ผู้สืบสานทำนองสังวาสขอนแก่น ซึ่งเป็นทำนองที่เป็น เอกลักษณ์เฉพาะตัว เป็นวงหมอลำที่มีชื่อเสียงโดยเฉพาะผลงานการแสดงหมอลำ เรื่องลีลาวดี ซึ่งเป็นผลงาน การประพันธ์จากแม่ครูหมอลำบุญถม นามวันทา ถือว่าเป็นวรรณกรรมอมตะอันทรงคุณค่าแห่งวงการหมอลำและ สะท้อนเรื่องราวทางศิลปวัฒนธรรมได้เป็นอย่างดีในปัจจุบันหมอลำคณะประถมบันเทิงศิลป์ ได้มีบุตรชายคือ นายสันติสิมเสน เป็นผู้สืบทอดเจตนารมณ์วงหมอลำต่อจากแม่ครูบุญถม นามวันทา มาจนถึงปัจจุบัน (ข้อมูลบางส่วนมาจาก ฐานข้อมูลศิลปินมรดกอีสาน มหาวิทยาลัยขอนแก่น),16.39267071,102.8809036,https://scontent.fcnx3-1.fna.fbcdn.net/v/t39.30808-6/381506414_861544272207945_1883375070505898309_n.jpg?_nc_cat=100&ccb=1-7&_nc_sid=5f2048&_nc_ohc=KyNV8MIzRN0Q7kNvgHsM4JV&_nc_ht=scontent.fcnx3-1.fna&oh=00_AYBy2aw0r8MIqKMNjhVej0nCnFjDtOeHOodDyrdB7ZFCTw&oe=666AF057,https://www.facebook.com/MholumPrathom
หนึ่งในสยาม,961041593,หมอลำหนึ่งในสยาม เป็นหมอลำเรื่องต่อกลอทำนองขอนแก่น ก่อตั้งโดยคุณแม่ บุษษา แถววิชา และคุณพ่อสวัสดิ์ แถววิชา ก่อตั้งเมื่อปี พ.ศ. 2512 แต่ก่อนชื่อคณะ สวัสดิ์ โชว์ ต่อมาได้เปลี่ยนเป็น คณะ หนึ่งในสยาม แม่บุษษา แถววิชาได้ร่ำเรียนวิชาจากหมอลำอินตา และเป็นผู้เชี่ยวชาญในการลำและประพันธุ์กลอนลำอีกด้วย,16.64482503,102.1081588,https://scontent.fcnx3-1.fna.fbcdn.net/v/t1.6435-9/131796194_225012675904656_732164986196954234_n.jpg?_nc_cat=107&ccb=1-7&_nc_sid=5f2048&_nc_ohc=EMkWwFLbTYAQ7kNvgFXngDs&_nc_ht=scontent.fcnx3-1.fna&oh=00_AYDh9e97MA_KMCUEh5Uu8Q-RTj8XC4OftVQC4NWDZhETFA&oe=668CB291,https://www.facebook.com/Mohlum1
หมอลำเสียงวิหค,969698955,หมอลำคณะนามวิหค ถือได้ว่าเป็นหมอลำคณะน้องใหม่ ที่ได้แยกตัวออกจากคณะระเบียบวาทะศิลป์ หลายปีที่นาย พงศกร แสนปากดี หรือ นกพงศกร หมอลำชื่อดังและเป็นหัวหน้าวง ได้สร้างวงเป็นของตัวเอง พร้อมทั้งบริหารงาน พึ่งก่อตั้งวงได้ไม่กี่ปี แต่ด้วยประสบการณ์ที่มีมาก่อน เคยสังกัดเป็นนักร้องหมอลำ และแดนเซอร์ ที่คณะศิลปินภูไท หลายปี แล้วย้ายมาสังกัดคณะระเบียบวาทะศิลป์ จนมีประสบการณ์ที่จะตั้งวงเป็นของตัวเอง แฟนคลับตอบรับเป็นอย่างดีทำให้มีงานแสดงอยู่ตลอด,17.20859722,103.14306,https://scontent.fcnx3-1.fna.fbcdn.net/v/t39.30808-6/337672992_1287064945539809_7237293826992752213_n.jpg?_nc_cat=101&ccb=1-7&_nc_sid=5f2048&_nc_ohc=6ed7q0g2H0UQ7kNvgESzBfs&_nc_ht=scontent.fcnx3-1.fna&oh=00_AYB6FFPgWg_rBT9UC7oPIbPvZWF-tPpmp8bjYcw-7Y0Ywg&oe=666AFA63,https://www.facebook.com/molamnamwihok
หมอลำขวัญใจแฟนแฟน,"0992369953, 0918672392",หมอลำขวัญใจแฟน เป็นหมอลำเรื่องต่อนกลอนทำนองขอนแก่น และยังเป็นหมอลำมิติใหม่ของคนรุ่นใหม่ แมน จักรพันธ์ อดีตพระเอกหมอลำจากคณะระเบียบวาทศิลป์ ได้ผันตัวออกมาเดินตามฝันของตัวเอง และมีวงเป็นของตัวเอง ก่อตั้งวงเมื่อปี พ.ศ.2563 ตั้งวงได้ประมาณ 2 ปี เสนอลำเรื่องดาวหลงฟ้ากาลืมคอน โดยมีพระเอกหมอลำขวัญใจแฟน แมน จักรพันธ์ เป็นหัวหน้าผู้นำทีมงาน ด้วยเอกลักษณ์ของเสียงการเอื้อนที่สะเทือนอารมณ์ และโชว์จัดเต็มแบบอลังการ สร้างความสนุก และความสุขให้มากมาย ขึ้นเวทีก็ได้รับความเอ็นดูและเมตตาจากแม่ยก จนต้องขนพวงมาลัยมาคล้องคอกันแบบแน่น ๆ จุก ๆ รูปแบบการแสดงของหมอลำขวัญใจแฟน มีช่วงการโชว์คอนเสิร์ตเพลงลูกทุ่ง มีช่วงตลกเพื่อสร้างสีสันและช่วยผ่อนคลาย มีช่วงลำเรื่องต่อกลอนที่เข้าถึงบทบาทอย่างลึกซึ้ง เช่น บทลำโศก บทนางร้าย บทตัวโกง สอดแทรกคติคำสอน และมีการเต้ย เพื่อคั่นช่วงลำเรื่องเมื่อเปลี่ยนฉากลำ โดยใช้เพลงลูกทุ่งหมอลำ และช่วงสุดท้ายก็เป็นช่วงเต้ยลาเพื่อบอกกล่าวถึงการจบการแสดง เวลาของการแสดงเริ่มจาก 21.00 น. จนถึง06.00 น.เช้าของอีกวัน,15.91201326,102.2729094,https://scontent.fcnx3-1.fna.fbcdn.net/v/t39.30808-6/358639148_294640966262015_1846527638764866127_n.jpg?_nc_cat=100&ccb=1-7&_nc_sid=5f2048&_nc_ohc=akls_iwS5zEQ7kNvgG1eK8x&_nc_ht=scontent.fcnx3-1.fna&oh=00_AYAh6-tBU-6JpsuCdwSnWqPfzFJKnNAd4HkxBnatB9X0Fw&oe=666B089D,https://www.facebook.com/morlamkwanjaifanfan
นกแก้วสำราญ,833549845,"หมอลำนกแก้วสำราญ ก่อตั้งขึ้นในปี พ.ศ. 2555 โดยใช้ชื่อแรกว่า หมอลำแวงน้อยวาทศิลป์ ก่อนที่จะเปลี่ยนชื่อเป็น นกแก้วสำราญ ในปี พ.ศ. 2561 โดยนายศรายุธ แก้วสุพรรณ หรือ แมน มนต์นที เป็นผู้จัดการวง ชื่อนกแก้วได้มาจากชื่อคุณยาย ส่วนสำราญมาจากชื่อคุณย่า วงนี้มีต้นกำเนิดจากอำเภอชนบท จังหวัดขอนแก่น และเป็นวงหมอลำน้องใหม่ที่รวมตัวกันของศิลปินในหมู่บ้าน โดยรูปแบบการแสดงและเวทีได้แนวคิดจากลิเกของภาคกลาง และใช้ชุดแบบหมอลำอีสานโบราณ วงนี้มีสมาชิกเบื้องต้น 10-15 คน ใช้อีเล็คโทนเป็นเครื่องดนตรีหลัก และมีคอมพิวเตอร์สำหรับคาราโอเกะ การแสดงใช้เวลาประมาณ 5 ชั่วโมงต่อหนึ่งงาน มีอัตราค่าจ้างในเขตจังหวัดขอนแก่นอยู่ที่ 25,000 – 35,000 บาท และต่างจังหวัดอยู่ที่ 35,000 – 60,000 บาท หากต้องการวงขนาดใหญ่เพิ่มขึ้นราคาจะอยู่ที่ 100,000 บาท การแสดงเน้นที่ลำเรื่องต่อกลอนทำนองขอนแก่น พร้อมเพลงร้องและตลกช่วยเพิ่มสีสัน แนวคิดหลักของวงคือ ""ทำใหญ่ให้มันเล็ก""",15.99192007,102.5973607,https://scontent.fcnx3-1.fna.fbcdn.net/v/t39.30808-6/293234364_530985195456347_2862178219451131704_n.jpg?_nc_cat=107&ccb=1-7&_nc_sid=5f2048&_nc_ohc=oxgEf_JhXQgQ7kNvgHP91LE&_nc_ht=scontent.fcnx3-1.fna&oh=00_AYBru-oTIIF07Ln0Nc94519bXykr7skeQYbhNtJIgStUog&oe=6665F903,https://www.facebook.com/morlumnokkhaew
หนูภารวิเศษศิลป์,810609203,"หมอลำคณะหนูภาร วิเศษศิลป์ เป็นหนึ่งคณะหมอลำในจังหวัดขอนแก่นที่ได้สร้างชื่อมายาวนาน นับตั้งแต่ปีพุทธศักราช 2502 คุณพ่อ “หนูภาร. ผ่านวงษ์”. ได้รวบรวมสมาชิกผู้ที่มีใจรักในการร้อง,เล่น,เต้น,รำ เพื่อที่จะสืบงานศิลป์และประกาศศักดิ์ดาเป็นศิลปินอย่างน่าภาคภูมิใจในนามคณะ “หนูภารวิเศษศิลป์”.จากวันนั้นจนถึงบัดนี้ผลงานการแสดงของคณะ”หนูภารวิเศษศิลป์” ได้มีการพัฒนาการในทุก ๆองค์ประกอบของคณะ ทั้งด้านการแสดง,เวที,แสง,สีและเครื่องเสียงเต็มรูปแบบ สร้างความประทับใจแก่แฟนๆจนกลายเป็นที่รู้จักได้รับการผลักดันและกระแสตอบรับที่ดีจากผู้ชม จากคณะกรรมการเจ้าภาพ เพื่อให้คณะ”หนูภารวิเศษศิลป์”ให้ยืนยงคงอยู่คู่กับพี่น้องชาวไทยอิสานตลอดไป",16.49662322,102.9478938,https://scontent.fcnx3-1.fna.fbcdn.net/v/t39.30808-6/427979113_122159125778083563_5089291839115278171_n.jpg?stp=cp6_dst-jpg&_nc_cat=104&ccb=1-7&_nc_sid=5f2048&_nc_ohc=MTJhlpYC9U4Q7kNvgGbpz3u&_nc_ht=scontent.fcnx3-1.fna&oh=00_AYCKsIGWbe_5BykTIkVw49zWZxfMoVgbyqMlye535DA1cg&oe=666B1518,https://www.facebook.com/profile.php?id=61552506895118&locale=th_TH
หมอลำปานทิพย์ (นางทองปริม พลตรี),095 323 8696,หมอลำปานทิพย์หรือนางทองปริม พลตรี เกิดเมื่อวันที่ 21 ธันวาคม ปีพุทธศักราช2497 ปัจจุบัน อยู่ภูมิลำเนาเดิม บ้านดอนธาตุ ตำบลโคกสี อำเภอเมือง จังหวัดขอนแก่น สำเร็จการศึกษาระดับชั้นประถมศึกษาปีที่ 4 ได้เริ่มก้าวเข้าสู่วงการหมอลำเมื่ออายุ 12 ปี จากการแนะนำชักชวนของหมอลำวันดี พลทองสถิต หรือหมอลำอุดมศิลป์ เมื่อแรกเริ่มนั้นได้เข้ามาเป็นสมาชิกในวงหมอลำสามัคคีรุ่งนคร โดยมีหน้าที่เป็นคนหลังม่านคอยเปลี่ยนฉากของเวที ซึ่งเดิมนั้นเป็นฉากแบบชักรอก ระหว่างนั้นเองด้วยพรสวรรค์และความสามารถหมอลำทองปริม จดจำวิธีการลำและกลอนลำได้แม้ไม่ได้เรียนโดยตรง ขณะนั้นวงหมอลำขาดนักแสดง หัวหน้าวงเห็นถึงความสามารถและความพยายามของหมอลำทองปริม จึงให้โอกาสหมอลำทองปริมขึ้นเวทีสวมบทบาทนางร้ายประกบคู่นางเอกหมอลำที่มีชื่อเสียงมากในขณะนั้น ต่อมาหมอลำทองปริมได้ย้ายไปเป็น หมอลำของวงอุดมศิลป์ ก่อนจะขอเจ้าของวงอุดมศิลป์ออกมาตั้งวงของตนเองชื่อว่า วงหมอลำวานิชอำนวยศิลป์เมื่อปีพุทธศักราช2521 ผลงานโดดเด่นและมีชื่อเสียง จากการรับบทเป็นนางร้าย หมอลำทองปริม ยังคงรับงานการแสดงหมอลำด้วย ความมุ่งหวังสร้างความสุขความบันเทิง ความสนุกสนานให้แก่ผู้ชม รวมถึงหน้าที่ที่เป็นผู้ฝึกร้องฝึกลำฝึกการแสดงหมอลำ ให้แก่ผู้สูงอายุในเทศบาลเมืองศิลาจังหวัดขอนแก่น,16.48653089,102.8713131,https://scontent.fcnx3-1.fna.fbcdn.net/v/t39.30808-6/398240921_193020473840910_6225070549575541400_n.jpg?_nc_cat=106&ccb=1-7&_nc_sid=5f2048&_nc_ohc=6MxFZAVB6qsQ7kNvgEQ_GPp&_nc_ht=scontent.fcnx3-1.fna&oh=00_AYAP1zuKrW7qe6hv-1EU0Gmy-NRkd6a7e3FQ3oL2oTvnLA&oe=666AF5DB,https://www.facebook.com/p/%E0%B9%81%E0%B8%88%E0%B9%8B%E0%B8%A7-%E0%B8%9B%E0%B8%B2%E0%B8%99%E0%B8%97%E0%B8%B4%E0%B8%9E%E0%B8%A2%E0%B9%8C-%E0%B8%A3%E0%B8%B1%E0%B8%95%E0%B8%99%E0%B8%A8%E0%B8%B4%E0%B8%A5%E0%B8%9B%E0%B9%8C-100093988759219/?paipv=0&eav=AfYjjR5KQOn18kQpndsn2yipPQZ9a3CumgUeZ62jjh4hZqO7q6gTb5X0L4nAb1XnZxw&_rdr
หมอลำจันทร์เพ็ญ ศิริเทพ,"0964702443, 0832834008","หมอลำจันทร์เพ็ญ ศิริเทพ อายุ 66 ปี ภูมิลำเนาเดิมเป็นคนจังหวัดร้อยเอ็ด อดีตเป็นนักร้องที่เคยอัดแผ่นและเพลงของเธอเคยโด่งดังในอดีตเมื่อ 30 กว่า ปีที่แล้ว ชื่อเพลงว่า ""ลูกเศรษฐีขายบุหรี่ใบตอง"" นอกจากจะเคยเป็นนักร้องแล้วเธอยังเคยแสดงภาพยนตร์ 1 เรื่อง คือเรื่องลูกอีสาน ในอดีตประมาณปี พ.ศ.2521 หมอลำจันทร์เพ็ญ ศิริเทพ เคยประจำการที่วงรัญจวนดาวดวงเด่น ลำเรื่องความรู้ท่วมหัวเอาตัวไม่รอด ในบทนางเอก หมอลำจันทร์เพ็ญ ศิริเทพ ร้องเพลงเพราะและร้องหมอลำได้อารมณ์เข้าถึงบทบาท เป็นหมอลำอยู่ที่คณะเสียงอิสาน นกน้อย อุไรพร แม้ว่าปัจจุบันเวลาจะล่วงเลยผ่านไปอย่างไร หมอลำจันทร์เพ็ญ ศิริเทพ ก็ยังทำหน้าที่ศิลปิน สืบทอดศิลปะอีสานต่อไปเพราะนั่นคือสิ่งที่เธอรักและมันอยู่ในสายเลือด ชีวิตปัจจุบันได้ลงจากเวทีเสียงอีสาน หยุดเดินสายออกงานการแสดง ด้วยความสูงวัยและเป็นห่วงเรื่องสุขภาพ จึงดูแลตนเองที่บ้านสาวะถี อำเภอเมือง จังหวัดขอนแก่น กาลเวลาผ่านไป โลกที่เปลี่ยน สังคมเปลี่ยน ใจคนเปลี่ยนไป ทุกวันนี้คนไม่นิยมฟังหมอลำแบบแก่นแท้ ศิลปะเหล่านี้จะอยู่ได้อีกนานเท่าใดไม่รู้ได้เลย หมอลำจันทร์เพ็ญยังคงรับงานลำทางยาวอยู่ เช่น งานลำหน้าไฟ งานบวช ขึ้นบ้านใหม่ และอื่น ๆ ",16.50851069,102.6926345,https://scontent.fcnx3-1.fna.fbcdn.net/v/t1.18169-9/11295854_1401347690193533_7854403403776746040_n.jpg?_nc_cat=105&ccb=1-7&_nc_sid=5f2048&_nc_ohc=jj1iHu2ysNsQ7kNvgGusf7I&_nc_ht=scontent.fcnx3-1.fna&oh=00_AYDAw4LdMfKRjho16IJuSL6kJsbo9gToOVrIEbc1aFmyJw&oe=668CB434,https://www.facebook.com/people/%E0%B8%84%E0%B8%B8%E0%B8%93%E0%B9%81%E0%B8%A1%E0%B9%88%E0%B8%88%E0%B8%B1%E0%B8%99%E0%B8%97%E0%B8%A3%E0%B9%8C%E0%B9%80%E0%B8%9E%E0%B9%87%E0%B8%8D-%E0%B8%A8%E0%B8%B4%E0%B8%A3%E0%B8%B4%E0%B9%80%E0%B8%97%E0%B8%9E/100009549450239/
หมอลำเพชรลำเพลิน,885335999,หมอลำเพชรลำเพลิน เป็นหมอลำเพลินที่ ขยายวงเพิ่มจาก วงสาวน้อยเพชรบ้านแพง โดยการบริหารงานโดย นายมานพชัย นามวงษา ซึ่งเป็นลูกชายของนายสงกรานต์ นามวงษา และนางสาวสุภาพ นามวงษา เป็นหมอลำน้องใหม่ก่อตั้งเมื่อปี พ.ศ 2564 และมีผู้ผู้นำทีมงานอีกท่านหนึ่งคือ คุณภร อภิรดี ศิลปินนางเอกผู้ที่มีความสามารถ ระดับนางเอก ที่ครองใจมหาชนมายาวนาน,16.26532074,102.9897112,https://scontent.fcnx3-1.fna.fbcdn.net/v/t39.30808-6/367963345_317698557445241_7137813534044606978_n.jpg?_nc_cat=107&ccb=1-7&_nc_sid=5f2048&_nc_ohc=0EBQK1L43u4Q7kNvgHRXOb3&_nc_ht=scontent.fcnx3-1.fna&oh=00_AYBCZiUpRWCoYfrw4-W1wmw0Ji3vw2lgh3Uv11DmhJ-xCQ&oe=666620A4,https://www.facebook.com/phetlamplern
หมอลำคณะน้องใหม่เมืองชุมแพ,819754756,น้องใหม่ เมืองชุมแพ มีชื่อจริงว่า กมลพร ศศิพิมณ ชื่อเล่น : นิด เกิดเมื่อวันจันทร์ ที่ 28 กันยายน พ.ศ. 2513 ที่บ้านหนองไผ่ อ.ชุมแพ จังหวัดขอนแก่นเป็นนักร้องลูกทุ่งหมอลำ มีผลงานอัลบั้มชุดแรกชื่อ นางเอกหมอลำช้ำรัก ตามด้วยอัลบั้มชุดที่ 2 จีบหนุ่มเขมร สาวน้ำพองร้องไห้ และอัลบั้มชุดที่ 3 นางสาวหล่วง แก้วใบเก่า ผัวเขาผู้บ่าวข่อย แฟนเขาคือเป้าหมาย ผัวป๋าขาเด้า จากนั้นน้องใหม่ก็พัฒนาตัวเองใช้ความคิดสร้างสรรค์และประสบการณ์ต่าง ๆ ที่ได้จากการอยู่วงหมอลำ ออกแบบชุดแดนเซอร์ รวมทั้งกำกับการแสดงหมอลำ ซึ่งตอนนั้นคณะน้องใหม่ เมืองชุมแพ เริ่มมีชื่อเสียงเป็นที่รู้จักของชาวอีสาน ทางด้านครอบครัวหลังจากที่เห็นน้องใหม่ทำงานหนัก พบอุปสรรคมากมาย ก็เริ่มสงสารและหันมาคอยเป็นกำลังใจอยู่เคียงข้างเรื่อยมาจนถึงทุกวันนี้ รวมแล้วน้องใหม่ใช้ชีวิตการเป็นหมอลำทั้งสิ้น 19 ปี จุดที่ทำให้เธอได้เข้ามาเป็นศิลปินนพพร ซิลเวอร์โกลด์ ก็คือ น้องใหม่ ติดตามรายการชุมทางเสียงทองมาโดยตลอด คิดอยากจะมีอัลบั้มเป็นของตัวเอง ฝันว่าสักวันหนึ่งจะได้มีโอกาสมากราบ อาโอ พนม นพพร จนกระทั่งลำเรื่องต่อกลอนเรื่อง หยาดน้ำตาเมียแต่ง เป็นเรื่องที่โด่งดังมีคนรู้จักมากขึ้น จึงเริ่มปรึกษากับหัวหน้าคณะว่าอยากจะลองมาสมัครนักร้องค่ายนพพร ฯ ตัดสินใจเดินทางมากรุงเทพฯเพื่อมาสมัครด้วยตัวเอง ผ่านขั้นตอนต่าง ๆ จนได้มาเป็นศิลปินนพพร ซิลเวอร์โกลด์ มีอัลบั้มชุดแรกชื่อว่า นางเอกหมอลำช้ำรัก ตามด้วยอัลบั้มชุดที่ 2 จีบหนุ่มเขมร และอัลบั้มชุดที่ 3 นางสาวหล่วง รวมถึงผลงานลำเรื่องต่อกลอนและวีซีดีตลกอีกหลายชุด และล่าสุดกับอัลบั้มใหม่ ผัวเขา ผู้บ่าวข้อย ที่น้องใหม่ เมืองชุมแพ ตั้งใจนำเสนอให้แฟนเพลงได้ติดตามฟังกัน,16.57982761,102.1107868,https://scontent.fcnx3-1.fna.fbcdn.net/v/t39.30808-6/342876287_747624466849356_4974162156766839481_n.jpg?_nc_cat=105&ccb=1-7&_nc_sid=5f2048&_nc_ohc=134mYU1W-sAQ7kNvgGnalUZ&_nc_ht=scontent.fcnx3-1.fna&oh=00_AYCdDr6UArUufTsUZZWs5f922OZDzgS4ILRSCbC0mzttgQ&oe=666B1317,https://www.facebook.com/PONRAK0861555552
คุณเบลล์เครื่องเพชร ศิลป์หมอลำ,910507731,ชื่อนายปรเมศวร์ คำสุข หรือที่ทุกคนรู้จักในชื่อ คุณเบลล์เครื่องเพชร ศิลป์หมอลำ ผู้ประกอบการค้าขายสินค้าอุปกรณ์เกี่ยวกับหมอลำการทำกิจการ เครื่องประดับตกแต่งหมอลำ ได้เกิดขึ้นเมื่อปี 2562 เมื่อครั้งเป็นหมอลำ แล้วตัวเองใช้เครื่องประดับในการตกแต่งชุดของตัวเอง ทำให้มีการสั่งซื้อสินค้าหลายชนิด จนมีเพื่อนหมอลำได้สนใจในสินค้า ได้ฝากซื้อเครื่องประดับมาตกแต่งของตัวเอง ทำให้หมอลำเบล ได้สั่งซื้อสินค้ามาเพื่อจำหลายเป็นของตัวเอง ทั้ง เพชร ขนไก่ หัวมอญ หนามเตย รองเท้าหมอลำ กางเกง เครื่องประดับตกแต่งอื่น ๆมาก ๆ จนทำให้กิจกรรมขยับขยายใหญ่ขึ้น,16.54583256,102.2778086,https://scontent.fcnx3-1.fna.fbcdn.net/v/t39.30808-6/430906424_24845458741768838_6739859512170777425_n.jpg?_nc_cat=101&ccb=1-7&_nc_sid=5f2048&_nc_ohc=043ux36ny0wQ7kNvgH5bvKo&_nc_ht=scontent.fcnx3-1.fna&oh=00_AYCO75uYfiQefw-M9eSM-rOOlInEu3M_gkdplbHLhN7okA&oe=6666028E,https://www.facebook.com/profile.php?id=100001941682669&mibextid=LQQJ4d
หมอลำพรเทพ แก้ววิเศษ,805511230,หมอลำพรเทพ แก้ววิเศษ คือปราชญ์ภูมิปัญญาทางด้านหมอลำ ผู้มีบทบาทสำคัญในการสืบทอดและอนุรักษ์มรดกทางวัฒนธรรมของชาวอีสาน โดยได้รับการถ่ายทอดจากหมอลำอังคาร แก้ววิเศษ ผู้เป็นบรมครูและอดีตพระเอกระเบียบวาทะศิลป์ หมอลำพรเทพได้ฝึกฝนการลำตามแบบทำนองขอนแก่น พร้อมพัฒนาทักษะและเทคนิคการลำที่หลากหลาย ด้วยความสามารถนี้ เขาจึงรับงานการแสดงลำเรื่องต่อกลอน ให้บริการเวที เครื่องเสียง ลำซิ่ง ลำกลอนประยุกต์ และรำวง ซึ่งเป็นที่ยอมรับของเจ้าภาพและผู้ว่าจ้างหลายราย ปัจจุบันเขายังคงมีบทบาทในการถ่ายทอดเทคนิคการลำให้กับศิลปินหมอลำและผู้สนใจทั่วไป เพื่อสืบทอดภูมิปัญญาด้านหมอลำให้คงอยู่ แม้ว่าสังคมอีสานจะเปลี่ยนแปลงไป แต่หมอลำพรเทพได้ปรับตัวและนำภูมิปัญญานี้มาใช้ในการดำรงชีวิตและสร้างรายได้อย่างมีประสิทธิภาพ,16.51135756,102.6878171,https://scontent.fcnx3-1.fna.fbcdn.net/v/t1.6435-9/124350319_384074136050351_7269123836104931104_n.jpg?_nc_cat=108&ccb=1-7&_nc_sid=5f2048&_nc_ohc=WnfwuangG1gQ7kNvgFQVZ27&_nc_ht=scontent.fcnx3-1.fna&oh=00_AYDueUtn8VFDRJ0Zwg2JaBxBEo2beGmFiwrQOZ4SO25Zkg&oe=6687B375,https://www.facebook.com/profile.php?id=100033433038681
หมอลำใจเกินร้อย บอยศิริชัย,948194135,"หมอลำใจเกินร้อย บอยศิริชัย “หมอลำใจเกินร้อย” ก่อตั้งขึ้นในวันที่ 1 สิงหาคม 2559 โดย บอย ศิริชัย หรือ นายภู่กัน ปุริสาย เป็นวงหมอลำที่ลำเรื่องต่อกลอนในทำนองขอนแก่น สำนักงานของวงหมอลำตั้งอยู่ ณ บ้านเลขที่ 111 ตำบลขามเรียง อำเภอกันทรวิชัย จังหวัดมหาสารคาม รวมระยะเวลาการตั้งวง 7 ปี ในปีแรกของการตั้งวงได้รับการตอบเป็นอย่างมาก จากการจดบันทึกตารางงานของบอย ศิริชัยหรือพู่กัน ปุริสาย ในปีแรกมีงาน 155 งาน ราคาการรับงานในช่วงแรกราคาจ้างงาน 150,000 บาทต่องาน ปัจจุบันราคาการจ้างงานของวงหมอลำใจเกินร้อยอยู่ที่ 250,000 บาท ต่องาน สมาชิกในวงของหมอลำใจเกินร้อยมีจำนวน 300 คน แบ่งการทำงานเป็น 2 ฝ่ายหลักๆคือ 1. เบื้องหน้า อาทิ นักดนตรี,หมอลำ,ตลก,หางเครื่อง เป็นต้น 2. เบื้องหลัง อาทิ แม่ครัว, คนขับรถ, เป็นต้น จากสถานการณ์การเผยระบาดของไวรัสโควิด – 19 ส่งผลให้การจ้างงานหยุดชะงักไปด้วยมาตรฐานความปลอดภัยทำให้วงหมอลำต้องปรับตัวโดยใช้ช่องทางการ ไลฟ์สดใน Facebook และ YouTube เพื่อสร้างรายได้ในการดูแลวงจนสามารถผ่านสถานการณ์ดังกล่าวมาได้ ในอนาคตวงหมอลำใจเกินร้อยต้องการที่จะนำการแสดงศิลปะการแสดงของอีสานไปเผยแพร่ยังต่างประเทศ และ ต้องการสร้างศูนย์การเรียนรู้เพื่อจะผลักดันคนรุ่นใหม่ให้เกิดความรักในศิลปะการแสดงหมอลำ",16.26281485,103.2291134,https://scontent.fcnx3-1.fna.fbcdn.net/v/t39.30808-6/357701726_836435884518767_8699060690922234068_n.jpg?_nc_cat=108&ccb=1-7&_nc_sid=5f2048&_nc_ohc=GRdzxZN5lJ8Q7kNvgGAcYyf&_nc_ht=scontent.fcnx3-1.fna&oh=00_AYBfsD1si0rWKzQWIbpDgsGKzmSf6Tr0pgqAKFP8d2ia0g&oe=666AF11E,https://www.facebook.com/profile.php?id=100044570883318
คำผุนร่วมมิตร,849604841,หมอลำคำผุนร่วมมิตร เป็นหมอลำเรื่องต่อกลอนทำนองขอนแก่น ก่อตั้งโดยคุณพ่อ คำผุน ผานคำ และในปัจจุบันได้บริหารงานโดย นายวิทูรย์ ผานคำ มีงานแสดงตลอดทั้งปี ได้รับความนิยมเป็นอย่างมากจากกลุ่มผู้ว่าจ้าง,15.97665156,102.4180167,https://scontent.fcnx3-1.fna.fbcdn.net/v/t39.30808-6/310440329_5811966925513832_3910748315481081122_n.jpg?_nc_cat=107&ccb=1-7&_nc_sid=5f2048&_nc_ohc=TV02Z1QmfhAQ7kNvgFm_bbE&_nc_ht=scontent.fcnx3-1.fna&oh=00_AYDebVoE_u9AfsG6YaSR6AAICnZ0z9Ka6merPT6seZnZbA&oe=666605F9,https://www.facebook.com/profile.php?id=100051776315296
แก่นนครบันเทิงศิลป์,800096098,หมอลำคณะแก่นนครบันเทิงศิลป์เป็นหมอลำทำนองขอนแก่น ที่ก่อตั้งมาตั้งแต่เมื่อปีพุทธศักราช 2511 โดยนายสมจิตต์ เพ็ชรสังหาร เป็นผู้ที่มีความสามารถอย่างมาก ทั้งด้านการร้องหมอลำ และการประพันธ์กลอนลำ มีหลายเรื่องที่ได้ประพันธ์ ได้แก่ เรื่องสายนิงสายแนน เรื่องวงเวียนชีวิต เรื่องนางบาป เรื่องลูกกำพร้าพ่อน้าตาฟาง ปัจจุบันบริหารงานโดยนางสาวฆัคติยา เพ็ชรสังหาร,16.39069963,102.882428,https://scontent.fcnx3-1.fna.fbcdn.net/v/t39.30808-6/380522287_866340795223263_8608505788753680058_n.jpg?_nc_cat=103&ccb=1-7&_nc_sid=5f2048&_nc_ohc=ZEGa_FiIlXcQ7kNvgFWRbn0&_nc_ht=scontent.fcnx3-1.fna&oh=00_AYCp2KFNXQX9KZfaIRVeOvMGpQ14yxenvBdwwrHygbEgDw&oe=666AF713,https://www.facebook.com/profile.php?id=100055420516454&sk=photos
หมอลำสมถวิล เมืองนคร,860753717,การแสดงหมอลำเป็นวัฒนธรรมบันเทิงในแถบภาคอีสานมาแต่โบราณ รวมถึงภูมิปัญญาท้องถิ่นอันฝังรากลึกอยู่ในวิถีชีวิตของชาวอีสาน ซึ่งเป็นมรดกทางวัฒนธรรมที่ทุกหน่วยงานควรร่วมอนุรักษ์ สืบทอดและปลุกจิตสำนึกแก่อนุชนให้ได้ประจักถึงภูมิปัญญาไทยด้านหมอลำให้คงอยู่ เบื้องต้นการอนุรักษ์สืบทอดรวมถึงการถ่ายทอดการแสดงหมอลำจึงจำเป็นมาก และในกระบวนการถ่ายทอดนั้นจำเป็นต้องมีครูผู้ถ่ายทอด ในฐานะปราชญ์ภูมิปัญญาทางด้านหมอลำ นางสมถวิล เมืองนคร จึงเป็นบรมครูทางด้านหมอลำทำนองขอนแก่นอีกท่านหนึ่ง สามารถถ่ายทอดเทคนิควิธีการลำและศิลป์การแสดงหมอลำได้เป็นอย่างดี นางสมถวิล เมืองนคร เริ่มเข้าวงการแสดงหมอลำเมื่อปี พ.ศ.2529 ในอดีตเคยเป็นตัวโกงหรือดาวร้ายประจำคณะหมอลำประถมบันเทิงศิลป์ เรื่องที่แสดงหรือลำที่โดดเด่นมากที่สุด คือ เรื่องกำไลมาศ สามผัวบ่อกลัวบาป และลีลาวดี เคยออกรายการวิทยุของราชบุตรสเตอริโอ หลังจากเลิกเดินสายไปกับคณะหมอลำแล้ว ชีวิตปัจจุบันนางสมถวิล เมืองนครเดินสายสร้างวัดทำบุญบำรุงพระพุทธศาสนา แต่ก็ยังรับสอนหมอลำทำนองขอนแก่นแก่ผู้สนใจอยู่บ้างเป็นบางโอกาส,16.39197426,102.8802986,https://scontent.fcnx3-1.fna.fbcdn.net/v/t39.30808-6/419757029_780757693926208_1730655837115547398_n.jpg?_nc_cat=105&ccb=1-7&_nc_sid=5f2048&_nc_ohc=mkiE9SRDHZkQ7kNvgHImehh&_nc_ht=scontent.fcnx3-1.fna&oh=00_AYCPTF2PC7UHAFNr0lZoCH02YsPmgYbQPZENo6AJL5DYVw&oe=666AF247,https://www.facebook.com/profile.php?id=100059759525874&locale=ms_MY&paipv=0&eav=AfaAU6GFl3G5SSn2sUN3N5XbEMGodHLR6FjrKfuxUAxr5vJPVsYFHOaVUd-iaJYI018&_rdr
หมอลำคณะระเบียบวาทะศิลป์,810507467,วงหมอลำระเบียบวาทะศิลป์ กำเนิดจากจังหวัดขอนแก่นเมื่อปี พ.ศ. 2507 โดยคุณพ่อระเบียบ พลล้ำ และคุณแม่ดวงจันทร์ พลล้ำ หลังจากทั้งสองเสียชีวิต เอ๊ะ ภักดี พลล้ำ ลูกชายได้เข้ามาดูแลวงต่อ ความตั้งใจของคุณพ่อและคุณแม่คือให้วงระเบียบวาทะศิลป์อยู่คู่กับแผ่นดินอีสานไปยาวนาน ปัจจุบันบ้านพักสำนักงานวงตั้งอยู่ที่บ้านสาวะถี อำเภอเมือง จังหวัดขอนแก่น วงระเบียบวาทะศิลป์มีสมาชิกที่โด่งดังในโลกโซเชียลอย่าง ต้าวหยอง ยุคลเดช ขวัญใจแม่ยก วงนี้เป็นวงหมอลำอันดับต้น ๆ ของภาคอีสาน แม้ยุคสมัยจะเปลี่ยนไป แต่วงก็ยังคงความเป็นหมอลำพื้นฐานของภาคอีสานได้เป็นอย่างดี โดยระเบียบวาทะศิลป์ยังได้รับความนิยมและความสนใจจากแฟนเวทีนางงามและแฟนหมอลำด้วยการเข้าร่วมบนเวที Miss Grand Thailand 2022 เพื่อเฟ้นหาตำแหน่ง มิสแกรนด์ไรซ์ซิ่งสตาร์ ซึ่งเรียกกระแสฮือฮาได้อย่างดีเยี่ยม,16.50978427,102.6860161,https://scontent.fcnx3-1.fna.fbcdn.net/v/t39.30808-6/432749790_792462639580444_3780931195816451716_n.jpg?_nc_cat=104&ccb=1-7&_nc_sid=5f2048&_nc_ohc=M0HM4Hg80AwQ7kNvgGYx72N&_nc_ht=scontent.fcnx3-1.fna&oh=00_AYCnOUO_9DgA79gZDNVPnkKPKpDRcZpUoLKUCtIH08HUJA&oe=666B187C,https://www.facebook.com/profile.php?id=100064501458027
หมอลำวัจนศิลป์,"0956656651, 0922528925",หมอลำวัจนศิลป์เป็นหมอลำน้องใหม่ป้ายแดง เป็นวงขนาดกลาง ที่พยายามปรับตัว ถึงแม้อาจจะประสบปัญหาด้านทุนและกระแสความนิยมของผู้ชม แต่ก็พยายามยกระดับตัวเองให้ก้าวทันการแปรเปลี่ยน หมอลำน้องใหม่ป้ายแดงวัจนศิลป์ เริ่มก่อตั้งเมื่อปี พ.ศ.2562 ยังไม่ได้ทำการแสดงก็ต้องเจอกับโรคระบาดโควิด-19 ธุรกิจก็ระงับไป หลังจากสถานการณ์โควิด-19 คลี่คลายลง รัฐบาลประกาศให้จัดงานรื่นเริงได้ หมอลำวัจนศิลป์ก็เริ่มรวมตัวและจัดการวงเพื่อออกทำกาลแสดง เริ่มต้นฤดูกาล 2564 - 2565 ได้เชิญศิลปินกุหลาบแดง สมจิตร บ่อทอง ให้เป็นศิลปินผู้นำทีมงานตลอดฤดูกาล และฤดูกาล 2565 – ปัจจุบัน ได้เชิญศิลปินเอม อภัสรา เป็นหัวหน้าผู้นำทีมงาน ควบคุมการแสดงและออกแบบการแสดงโดย ครูเบลล์ อลังการโชว์ รูปแบบการแสดงของหมอลำวัจนศิลป์ มีการโชว์คอนเสิร์ตเพลงลูกทุ่ง มีช่วงตลกเพื่อสร้างสีสันและช่วยผ่อนคลาย มีช่วงลำเรื่องต่อกลอนที่เข้าถึงบทบาทอย่างลึกซึ้ง เช่น บทลำโศก บทนางร้าย บทตัวโกง สอดแทรกคติคำสอน และมีการเต้ย เพื่อคั่นช่วงลำเรื่องเมื่อเปลี่ยนฉากลำ โดยใช้เพลงลูกทุ่งหมอลำ สโลแกนการเต้ยของหมอลำวัจนศิลป์ คือ “เต้ยโลกแตก” ,16.58395128,102.1028134,https://scontent.fcnx3-1.fna.fbcdn.net/v/t39.30808-6/393209641_345055404714057_6334591272971963971_n.jpg?_nc_cat=110&ccb=1-7&_nc_sid=5f2048&_nc_ohc=HcMTX3BM_ToQ7kNvgHstqx_&_nc_ht=scontent.fcnx3-1.fna&oh=00_AYCFCTbdDuVzP_C365HduRO01Ipci0GcGM1J0umqrwojvw&oe=666B0376,https://www.facebook.com/profile.php?id=100076287995790
หมอลำหนึ่งเพชรเมืองชัย,832515079,หมอลำหนึ่งเพชรเมืองชัย เป็นวงดนตรีลูกทุ่งหมอลำจากอำเภอเมืองชัยภูมิ จ.ชัยภูมิ ก่อตั้งในปี พ.ศ. 2544 โดยนายอนิรุต ดงทอง (สท.หนึ่ง) ที่มีหัวใจเป็นเพชรและมีชื่อเสียงในฐานะต้นฉบับเต้ยฟ้าขาดและลำเรื่องนางบาป วงนี้ดำเนินการมาครบ 21 ปีในปีปัจจุบัน มีบริการเวที เครื่องเสียง ระบบไฟ แสง สี ดนตรี และศิลปินหมอลำกับนักแสดงที่มีความยิ่งใหญ่อลังการ สมกับเป็นลูกเจ้าพ่อพญาแล ดินแดนศิลปินชาวอีสาน,15.79930838,102.1910293,https://scontent.fcnx3-1.fna.fbcdn.net/v/t39.30808-6/418438675_393508250019641_354913475109716534_n.jpg?_nc_cat=110&ccb=1-7&_nc_sid=5f2048&_nc_ohc=P7pAz4C--NcQ7kNvgE3BNcR&_nc_ht=scontent.fcnx3-1.fna&oh=00_AYBCnurhr9GYIId0ihQAqHjuPQmYpfO4ZHmtnnomAmWm0A&oe=6665FC0B,https://www.facebook.com/profile.php?id=100080814071702
หมอลำอีสานออนซอนศิลป์,844987729,"หมอลำคณะอีสานออนซอนศิลป์ เป็นวงหมอลำเรื่องต่อกลอนทำนองขอนแก่นจากเมืองชัยภูมิ ที่มีระบบแสง สี เสียง ยิ่งใหญ่อลังการ ราคาเริ่มต้นที่ 85,000 – 160,000 บาท วงนี้เป็นหมอลำมาตรฐานขนาดเล็ก พร้อมให้บริการเจ้าภาพผู้ว่าจ้างทั่วประเทศ โดยจุดเด่นคือสามารถจัดการแสดงตามงบประมาณของเจ้าภาพ รูปแบบการแสดงแบ่งออกเป็น 3 ช่วง คือ เพลงโชว์ ตลก และลำเรื่องต่อกลอน ซึ่งเป็นการแสดงสลับเต้ย การแสดงเริ่มตั้งแต่เวลา 21.00 น. จนถึงเช้าวันรุ่งขึ้น สามารถติดต่อได้ที่สำนักงานหมอลำอีสานออนซอนศิลป์ ที่อยู่ 220 หมู่ 3 บ้านท่าหว้า ตำบลบ้านค่าย อำเภอเมือง จังหวัดชัยภูมิ หรือโทรศัพท์ 0844987729 ขนาดเวที 16 เมตร 2 ชั้น เครื่องเสียงเบสข้างละ 10 ใบ เสียงกลางข้างละ 6 ใบ นักดนตรีเล่นสด และทีมงานนักแสดง 40 ชีวิต โดยวงมีเครื่องปั่นไฟของตนเองเพื่อแก้ปัญหาเรื่องไฟฟ้าไม่พอ ทั้งนี้เจ้าภาพต้องจัดเตรียมอาหารและเครื่องไหว้ครูสำหรับหมอลำ",15.66309828,102.0366549,https://scontent.fcnx3-1.fna.fbcdn.net/v/t39.30808-6/361618851_250284671127683_238996169904399338_n.jpg?_nc_cat=107&ccb=1-7&_nc_sid=5f2048&_nc_ohc=fbzvNRi-Dy8Q7kNvgHLIE2X&_nc_ht=scontent.fcnx3-1.fna&oh=00_AYDSyUJJ3QO-S8zMyyDaL4JARlM5-WJz0lKzUCCr_fNNZQ&oe=66662173,https://www.facebook.com/profile.php?id=100084384560512
รัตนศิลป์ อินตาไทยราษฎร์,896178332,หมอลำคณะรัตนศิลป์อินตาไทยราษฎร์ เป็นคณะหมอลำเรื่องต่อกลอนทำนองขอนแก่นชั้นบรมครูที่สืบทอดการลำทำนองขอนแก่นแบบดั้งเดิมจากสำนักครูหมอลำอินตา บุตรทา ซึ่งถือเป็นผู้ประสิทธิ์ประสาทวิชาหมอลำให้แก่หมอลำชั้นครูที่สืบทอดมาจนถึงปัจจุบันหลายท่าน เช่น หมอลำบุญถือ หาญสุริย์ หมอลำทองเยี่ยม ประสมพืช หมอลำบุญถม นามวันทา เป็นต้น ซึ่งศิษย์เอกของพ่อครูอินตา คือหมอลำบุญถือ หาญสุริย์ ร่วมกับเพื่อนศิลปินในขณะนั้นได้ริเริ่มก่อตั้งคณะรัตนศิลป์อินตาไทยราษฎร์ขึ้น ซึ่งถือเป็นคณะหมอลำที่สืบทอดโดยตรงจากคุณพ่อหมอลำอินตา และยังคงรักษาเอกลักษณ์ทำนองลำขอนแก่นแบบดั้งเดิมซึ่งมีทั้งทำนองลำพื้น ลำเดิน และลำขอนแก่นประยุกต์ ผสมผสานกันอย่างลงตัว กระทั่งท่านได้มีครอบครัวกับคุณแม่ชวาลา หาญสุริย์ ซึ่งคุณแม่เป็นอดีตนางเอกหมอลำ ทั้งสองท่านถือเป็นบรมครูรุ่นสืบทอดที่ได้พัฒนาสืบสานการดำเนินธุรกิจหมอลำมาจนถึงปัจจุบันอีกทั้งได้ปลูกฝังถ่ายทอดให้ลูกทั้ง 3 คนของท่านเป็นศิลปินหมอลำมืออาชีพและได้สืบสานมาจนถึงปัจจุบัน,16.40655527,102.7697497,https://scontent.fcnx3-1.fna.fbcdn.net/v/t39.30808-6/348976569_775226360622346_9112188836580297263_n.jpg?_nc_cat=109&ccb=1-7&_nc_sid=5f2048&_nc_ohc=G25eVrXVwOgQ7kNvgGJZZfo&_nc_ht=scontent.fcnx3-1.fna&oh=00_AYC7jv_Z2n7QAGuxC82npq70PZ-7AIyG313X_E8_V7MD1A&oe=666AEFD2,https://www.facebook.com/Rattanasin60
คณะหนึ่งรุ่งทิวาอำนวยศิลป์,810504025,"หนึ่ง รุ่งทิวา เกิดวันที่ 14 กุมภาพันธ์ พ.ศ. 2525 ที่บ้านโคกกลาง ตำบลป่าไม้งาม อำเภอเมืองหนองบัวลำภู จ.หนองบัวลำภู เป็นศิลปินนักร้องหมอลำและลูกทุ่งที่มีชื่อเสียงในวงการเพลงไทย เดิมชื่อในวงการว่า หนึ่ง อภิชาติ มีซิงเกิ้ลเพลงก่อนเข้าวงการเช่น ""เหมิดแฮงย่ำข้าว"", ""น้ำตาไหลในงานบุญ"", ""คืนนั้นใต้เถียงนา"", และ ""คิดฮอดอ้อนต้อน"" ในปี พ.ศ. 2550 หนึ่งเข้ามาเป็นผู้บริหารวงแทนคุณพ่อ สมาน นาสำแดง และเปลี่ยนชื่อวงเป็น หนึ่ง รุ่งทิวาอำนวยศิลป์ โดยเซ็นสัญญาเป็นศิลปินค่ายชัวร์เอนเทอร์เทนเม้นท์ และออกอัลบั้มชุดแรก ""คนปากแข็ง"" ซึ่งมีเพลงเด่นคือ ""สรุปพระเอกหมอลำรวยเสน่ห์คนดังถิ่นอีสาน"" หนึ่งเติบโตมาในครอบครัวสายเลือดหมอลำ และฝึกฝนทักษะการร้องและการแสดงหมอลำมาอย่างต่อเนื่อง ปัจจุบันเขาดำรงตำแหน่งหัวหน้าวง หนึ่ง รุ่งทิวาอำนวยศิลป์ และสืบสานวงดนตรีลูกทุ่งหมอลำต่อจากคุณพ่อ โดยใช้สโลแกน ""หนึ่งรุ่งทิวาอำนวยศิลป์ ศิลปินแห่งเมืองหนองบัวภู"" เขาได้รับการสนับสนุนจากแฟนๆ ตลอดมาและยืนยันว่าจะไม่ลืมทุกความกรุณาที่ได้รับจากแฟนเพลง",16.97281643,102.2660358,https://scontent.fcnx3-1.fna.fbcdn.net/v/t39.30808-6/393366871_859627008950113_2044741047045777175_n.jpg?_nc_cat=100&ccb=1-7&_nc_sid=5f2048&_nc_ohc=0xa9L_ElE14Q7kNvgFnrk_o&_nc_ht=scontent.fcnx3-1.fna&oh=00_AYDTnIGog30zBMWR9RgSlJ4KRINe2jnzdPoP5SMLTkJwbw&oe=6665F89F,https://www.facebook.com/Rungtiwaofficial
ซานเล้าบันเทิงศิลป์,613836899,หมอลำซานเล้าบรรเทิงศิลป์ ก่อตั้งปี พ.ศ. 2564 เนื่องจากเกิดสถานการณ์โควิด ทำให้หมอลำ บูท จักรพันธ์ ลำเพลินที่สังกัดหมอลำคณะระเบียบวาทะศลป์ ได้รวมตัวกับเพื่อนศิลปินทำการ แสดงออนไลน์หลายครั้ง จนมีทีมนักแสดงที่จะรับงานในรูปแบบของวงหมอลำได้ จึงได้ตัดสินใจสร้างวงซานเล้าบรรเทิงศิลป์ เพื่อรับใช้พี่น้องแฟนที่ต้องการ,15.85740896,103.5802113,https://scontent.fcnx3-1.fna.fbcdn.net/v/t39.30808-6/418729004_388232003728241_3833979228669483179_n.jpg?_nc_cat=102&ccb=1-7&_nc_sid=5f2048&_nc_ohc=GR5p1ItEfNEQ7kNvgENt23A&_nc_ht=scontent.fcnx3-1.fna&oh=00_AYBVa6BKF_b6SfAggeSyZgCpgbQxDe277BGIoQ1a_CuICA&oe=666AE375,https://www.facebook.com/SanLaoEntertainmentArts
ศิลปินภูไท,872299396,คณะหมอลำศิลปินภูไทนั้น แต่เดิมเป็นคณะหมอลำในชื่อคณะ วีระพงษ์ วงศ์ศิลป์ ซึ่งผู้ก่อตั้งคณะหมอลำคือ คุณพ่อสิทธิพงษ์ โทไข่ษร ศิลปินหมอลำที่เดินสายสังกัดคณะต่างๆ หลายคณะจนมีชื่อสียง จนเมื่อปี พ.ศ. 2557 คุณพ่อ คุณพ่อสิทธิพงษ์ โทไข่ษร หรือหมอลำวีรพงษ์ วงศิลป์ ได้ก่อตั้งเป็นวงของตัวเองโดยใช้ชื่อว่า ศิลปินภูไท มีชื่อเสียง เป็นที่ครองใจมหาชนในรูปแบบหมอลำเรื่องต่อกลอนทำนองกาฬสินธุ์,16.91086262,103.6316913,https://scontent.fcnx3-1.fna.fbcdn.net/v/t39.30808-6/408024019_860679655847745_8610255069112018672_n.jpg?_nc_cat=105&ccb=1-7&_nc_sid=5f2048&_nc_ohc=j1n-Gwc8ZNEQ7kNvgGmo5VV&_nc_ht=scontent.fcnx3-1.fna&oh=00_AYA3TCtmfntjf7KDx_ITVUss-zbejuWr8eHiMTGMg9orXw&oe=666AECCB,https://www.facebook.com/Sinlapinputai
สาวน้อยเพชรบ้านแพง,969965969,หมอลำคณะสาวน้อยเพชรบ้านเพลง ได้ก่อตั้งโดยคุณพ่อสงกรานต์ นามวงษา และคุณแม่สุภาพ นามวงษา ซึ่งได้สืบทอดต่อจากหมอลำอ่อนตา วงพัฒนาลำเพลิน ซึงเป็นคณะที่เคยประจำอยู่ ต่อมา หมอลำอ่อนตาได้เสียชีวิตลง คุณพ่อสงกรานต์ และคุณแม่สุภาพ ได้มาสืบสานต่อโดยใช้ชื่อวงว่า คณะสาวน้อยเพชรบ้านแพง ในปี 2526 เป็นหมอลำเรื่องต่อกลอนทำนองลำเพลิน และในปัจจุบันบริหารงานโดย นายยมนิล นามวงษา หรือบอสโจ ผู้บริหารหนุ่มไฟแรง ที่ได้รับการยอมรับแฟนคลับทั่วประเทศ,16.25733949,102.9792854,https://scontent.fcnx3-1.fna.fbcdn.net/v/t39.30808-6/356218366_821294059352651_5608965935665757556_n.jpg?_nc_cat=101&ccb=1-7&_nc_sid=5f2048&_nc_ohc=gJCz3ugI3ZYQ7kNvgFDxK1f&_nc_ht=scontent.fcnx3-1.fna&oh=00_AYCtP1FUxatXF7-Pz8CvQfwnUsFhOPkyPrFtNtVEis68cA&oe=666B145F,https://www.facebook.com/sppconnect
หมอลำเอมอร พรสวรรค์,864944933,หมอลำเอมอร พรสวรรค์ มีที่อยู่ที่ ต. โขงเจียม อ. โขงเจียม จ. อุบลราชธานี 34220 ,15.44170732,105.4770784,https://scontent.fcnx3-1.fna.fbcdn.net/v/t39.30808-6/358582786_262339276426704_557134260774175105_n.jpg?_nc_cat=100&ccb=1-7&_nc_sid=5f2048&_nc_ohc=Km3sA0GMwDQQ7kNvgGKffbd&_nc_ht=scontent.fcnx3-1.fna&oh=00_AYBssksx2A7VnFy2mKGske7SrN79vanh5iFFH8nUG_LkUA&oe=666B0786,https://www.facebook.com/p/%E0%B8%AB%E0%B8%A1%E0%B8%AD%E0%B8%A5%E0%B8%B3%E0%B9%80%E0%B8%AD%E0%B8%A1%E0%B8%AD%E0%B8%A3-%E0%B8%9E%E0%B8%A3%E0%B8%AA%E0%B8%A7%E0%B8%A3%E0%B8%A3%E0%B8%84%E0%B9%8C-%E0%B9%81%E0%B8%9F%E0%B8%99%E0%B9%80%E0%B8%9E%E0%B8%88-100079519017046/?paipv=0&eav=AfbSkrhu-vxZntvVKBx6QMcbl-Hdirl1CwVeEo99quSONxr7zCtU_p-2tWTaLUYMn1o&_rdr
หมอลำพิศมัยน้อย เพชรแกดำ ,,หมอลำพิศมัยน้อย เพชรแกดำ เป็นหนึ่งในหมอลำกลอนประยุกต์ หมอลำเป็นศิลปะภูมิปัญญาทางวัฒนธรรมของคนอีสาน หมอลำกลอนเป็นศิลปะการแสดงพื้นบ้านชาวอีสานที่เกิดขึ้นมาช้านาน ที่มีบทบาทและอิทธิพลต่อวิถีชีวิตของชาวบ้าน ที่มีอยู่ในทุกพื้นที่ บ้านไผ่ล้อม ตำบลโนนภิบาล อำเภอแกดำ จังหวัดมหาสารคาม,16.00871544,103.4407944,https://scontent.fcnx3-1.fna.fbcdn.net/v/t1.6435-9/29177478_1898680120395014_4487264449404600320_n.jpg?_nc_cat=103&ccb=1-7&_nc_sid=5f2048&_nc_ohc=Dx-9dVnqNg0Q7kNvgF9nDFZ&_nc_ht=scontent.fcnx3-1.fna&oh=00_AYCkOL1cO7KXp_nHUd-ROb8gs7u3Nv-Njp7LeXWmZA5TwA&oe=668CA7B4,https://www.facebook.com/people/%E0%B8%AB%E0%B8%A1%E0%B8%AD%E0%B8%A5%E0%B8%B3%E0%B8%9E%E0%B8%B4%E0%B8%A8%E0%B8%A1%E0%B8%B1%E0%B8%A2%E0%B8%99%E0%B9%89%E0%B8%AD%E0%B8%A2-%E0%B9%80%E0%B8%9E%E0%B8%8A%E0%B8%A3%E0%B9%81%E0%B8%81%E0%B8%94%E0%B8%B3/100007591338807/?paipv=0&eav=Afa_7fLx0MsDBH2PNMsxUDTquuncZfyDKa2upBfgivMnV8FzWrhB-zFJSgfn166gwZU&_rdrhttps://www.facebook.com/people/%E0%B8%AB%E0%B8%A1%E0%B8%AD%E0%B8%A5%E0%B8%B3%E0%B8%9E%E0%B8%B4%E0%B8%A8%E0%B8%A1%E0%B8%B1%E0%B8%A2%E0%B8%99%E0%B9%89%E0%B8%AD%E0%B8%A2-%E0%B9%80%E0%B8%9E%E0%B8%8A%E0%B8%A3%E0%B9%81%E0%B8%81%E0%B8%94%E0%B8%B3/100007591338807/?paipv=0&eav=Afa_7fLx0MsDBH2PNMsxUDTquuncZfyDKa2upBfgivMnV8FzWrhB-zFJSgfn166gwZU&_rdr
อีสานนครศิลป์,934658509,"ตั้งวง เมือปี 2565 โดยนาย สุชาติ อินทร์พรหม(เฮียหน่อย) และนาย มานิต โทแสง(บอสโนส) ได้ร่วมกันสร้างคณะหมอลำอีสานนครศิลป์ขึ้นมาถือว่าเป็นหมอลำคณะน้องใหม่ โดยรวบรวมศิลปินผู้มีความสามารถหลายๆท่านมาร่วมวง เช่น เป้ารัสมี มนีนพ , เนตรนภา พระยาแล, นอตนภาฟ้าฮ้องโย่น",16.49459384,102.7778698,https://scontent.fcnx3-1.fna.fbcdn.net/v/t39.30808-6/395478222_717075297105888_5411434299204612013_n.jpg?_nc_cat=108&ccb=1-7&_nc_sid=5f2048&_nc_ohc=pkMVX8O2I7MQ7kNvgFMZMVn&_nc_ht=scontent.fcnx3-1.fna&oh=00_AYB2HlcqfMejAIZiC5w-UY3y01j51eW6burmBjeqCXqHsA&oe=666B763E,https://www.facebook.com/IsanNaKhonSil
เสียงอิสาน,956964589,หมอลำเสียงอีสาน ก่อตั้งเมื่อ ปี พ.ศ. 2518 โดยนางอุไร ฉิมหลวง(แม่นกน้อย) และนายมัยกิจ ฉิมหลวง(อาวทิดหลอด)สามีภรรยาผู้สร้างหมอลำคณะเสียงอีสาน เดิมคุณแม่นกร้อยได้เป็นนักร้องให้กับวงเพชรพิณทอง วงดนตรีอีสานของอาจารย์นพดล ดวงพร จนเมื่อมีโอกาศจึงได้มาตั้งวงเป็นของตัวเอง ครองใจแฟนเพลงมายาวนาน ดังระดับแนวหน้าของเมืองไทย มีงานทุกวัน และในช่วงปี 2545- 2555 หมอลำเสียงอีสานได้โด่งดังยากที่จะหาวงหมอลำมาเทียบได้,17.41007069,102.8459443,https://scontent.fcnx3-1.fna.fbcdn.net/v/t39.30808-6/414127782_378228218118917_4027681716988164597_n.jpg?_nc_cat=103&ccb=1-7&_nc_sid=5f2048&_nc_ohc=EGOniY9WQ_4Q7kNvgFhQ_bg&_nc_ht=scontent.fcnx3-1.fna&oh=00_AYBmBZ5YB8y0tJaDNPoZ_eu2mDmaw11b1iRnxVdxU6Vpvw&oe=666B7C52,https://www.facebook.com/HmolumSengesan
วานิช อำนวยศิลป์,"043378027, 0895758447",หมอลำวานิช พลตรี เกิดเมื่อวันพุธที่ 6 พฤษภาคม 2555 อายุ 59 ปี กำเนิดที่ บ้านโนนกู่ หมู่ที่ 5ตำบลสาวะถี อำเภอเมือง จังหวัดขอนแก่น อาชีพทำนา ก่อนที่จะมาเป็นหมอลำนั้น นายวานิชเล่าว่าเดิมทีที่บ้านโนนกู่นั้นจะมีหมอลำคณะหนึ่งที่ดังที่สุดในภาคอีสานในขณะนั้น คือคณะบัวแก้ววิเศษ ท่านมีลูกศิษย์มากมายในอาชีพหมอลำ ต่อจากนั้นมีลูกศิษย์คนหนึ่งของคุณพ่อบัว แก้ววิเศษ ชื่อ อังคาร แก้ววิเศษ ลูกศิษย์ของพ่อบัว แก้ววิเศษ รับหน้าที่แทนพ่อครูผู้ที่เสียชีวิตไปแล้ว นามว่าอังคาร แก้ววิเศษ ท่านเป็นผู้สืบสานต่อจากคุณพ่อบัวแก้ว ซึ่งขณะนั้นได้ตั้งหมอลำของตัวเองชื่อคณะอังคารแก้ววิเศษ ซึ่งโด่งดังมากในขณะนั้น หมอลำวานิช พลตรี ยังคงรักษามาตรฐานการลำเรื่องต่อกลอนทำนองขอนแก่นได้เป็นอย่างดี สามารถแสดงได้ทุกบทบาทพระเอก ตัวโกง รวมไปถึงบทตลกก็ทำได้ ถือได้ว่าเป็นหมอลำต้นแบบของการแสดงหมอลำหมู่ ,16.48668629,102.8712592,https://scontent.fcnx3-1.fna.fbcdn.net/v/t39.30808-6/434540317_7824906890876189_8037618428582778232_n.jpg?_nc_cat=108&ccb=1-7&_nc_sid=5f2048&_nc_ohc=uePNOBZINN4Q7kNvgGiwKox&_nc_ht=scontent.fcnx3-1.fna&oh=00_AYA9IbMtJN-VNEOnzeI36gGRBOYrfwTOVltneAJqwvQVcA&oe=666B59ED,https://www.facebook.com/p/%E0%B8%A7%E0%B8%B2%E0%B8%99%E0%B8%B4%E0%B8%8A-%E0%B8%AD%E0%B8%B3%E0%B8%99%E0%B8%A7%E0%B8%A2%E0%B8%A8%E0%B8%B4%E0%B8%A5%E0%B8%9B%E0%B9%8C-100067640533664/?paipv=0&eav=Afb4iPEeK-Mp6MODaTJtd1ZCw_7UDDopkDpTVBISQPkftnaueimB7eoHMsCLkeZDWdM&_rdr
หมอลำลำดวน ดาวนภา,885329177,หมอลำลำดวน ดาวนภา หรือ นางลำดวน ชมภูคำ อายุ 59 ปี จากบ้านขามเฒ่า อำเภอกันทรวิชัย จังหวัดมหาสารคาม เริ่มต้นการเป็นหมอลำเมื่ออายุ 15 ปี โดยเรียนกลอนลำจากหมอลำจันทร์เพ็ญ เด่นนภา หมอลำชื่อดังของจังหวัดมหาสารคาม ครอบครัวของนางลำดวนสืบสายเลือดหมอลำมาตั้งแต่รุ่นปู่ย่าตายาย ทำให้นางลำดวนได้รับแรงบันดาลใจในการหัดร้องหมอลำ โดยเริ่มต้นเรียนกลอนลำประเภทหมอลำกลอนและรับงานแสดงตามหมู่บ้าน ต่อมาในปี พ.ศ. 2523 นางลำดวนได้มีโอกาสไปเรียนและรับงานกับหมอลำสุนทร ชัยรุ่งเรือง ที่จังหวัดชัยภูมิ ซึ่งมีหมอลำราตรี ศรีวิไล ร่วมสอนด้วย ส่งผลให้นางลำดวนได้รับประสบการณ์และความรู้ใหม่ๆ จนกระทั่งปี พ.ศ. 2526 นางลำดวนย้ายกลับบ้านขามเฒ่าและกลับมาร่วมงานกับหมอลำจันทร์เพ็ญ เด่นนภา และได้รางวัลรองชนะเลิศอันดับ 1 จากการประกวดกลอนลำที่อำเภอบรบือ ปี พ.ศ. 2538 หมอลำลำดวนเปลี่ยนจากลำกลอนปกติมาเป็นลำกลอนซิ่งที่เข้ากับผู้ฟังรุ่นใหม่ ทำให้เธอได้รับความนิยมสูงสุดช่วงปี พ.ศ. 2540 เป็นต้นมา โดยปรับการลำให้สนุกสนานและทันสมัย จนปี พ.ศ. 2551 ด้วยอายุที่มากขึ้น การลำของนางลำดวนจึงเน้นเนื้อหาที่เกี่ยวกับพุทธศาสนาและคำสอน ปัจจุบันนางลำดวนยังคงรับงานจ้างและงานแสดงต่างๆ อย่างต่อเนื่อง โดยเชื่อว่าหมอลำเป็นอาชีพที่สง่างามและสืบสานศิลปะวัฒนธรรมของชาวอีสาน,16.26661905,103.3105966,https://scontent.fcnx3-1.fna.fbcdn.net/v/t1.18169-9/21271012_114030412669092_1338732848474124482_n.jpg?_nc_cat=109&ccb=1-7&_nc_sid=5f2048&_nc_ohc=y3pgeOUSc8wQ7kNvgF-2kI2&_nc_ht=scontent.fcnx3-1.fna&oh=00_AYBJCTPdn9LtKUKk2S5h6IZM1MYnvhOatyF5OqSCwfj-UQ&oe=668D0D05,https://www.facebook.com/profile.php?id=100021864017051
หมอลำทำเกษตร,837353839,"ศิลปินพื้นบ้านหมอลำที่เป็นที่รู้จักในนาม หมอลำทำเกษตร คือ นางอรุณรัตน์ จำปาเทศ หรือ หมอลำอรุณี พูลสว่าง ศิลปินพื้นบ้านหมอลำผู้สืบทอดการเป็นหมอลำมาจากบิดา คือ หมอลำสวัสดิ์ พูลสว่าง อดีตเจ้าของคณะหมอลำหมู่ ส.รุ่งเรืองศิลป์ แต่ได้เรียนลำกลอนจากหมอลำบุญมาก บ้านฝางคำ จึงได้เป็นศิลปินหมอลำกลอนวาดอุบล ปัจจุบันได้ตั้งศูนย์เรียนรู้ทฤษฎีเศรษฐกิจพอเพียง ณ บ้านนาเจริญ ตำบลคันไร่ อำเภอ สิรินธร จังหวัดอุบลราชธานี เพื่อเป็นแหล่งเรียนรู้การเกษตรตามแนวทางหลักปรัชญาเศรษฐกิจพอเพียง ของพระบาทสมเด็จพระบรมชนกาธิเบศร มหาภูมิพลอดุลยเดชมหาราช บรมนาถบพิตร รัชกาลที่ 9 และถ่ายทอดความรู้ด้านการเกษตรในรูปแบบการแสดงศิลปะพื้นบ้าน หมอลำกลอนอุบล จนมีชื่อเสียง และมีลูกศิษย์เข้ามาเรียนลำด้วยหลายรุ่น นอกจากนี้ ในเขตอำเภอสิรินธร ยังมีกลุ่มศิลปินหมอลำชั้นครูที่อนุรักษ์และสืบสานศิลปะพื้นบ้านแขนงนี้ ได้แก่ หมอลำสายทอง ไชยโกฏิ หมอลำอัมรา ต้นทอง รวมไปถึงหมอแคน ได้แก่ หมอแคนทองดี ไชยโกฏิ หมอแคนไพศาล แสงทอง เป็นต้น ด้านศิลปะการแสดงพื้นบ้าน ในอำเภอสิรินธรยังคงรักษาเอกลักษณ์ทางศิลปะการแสดงพื้นบ้านหมอลำไว้อย่างเข้มแข็ง มีศิลปินพื้นบ้านรุ่นครู รุ่นกลาง และลูกศิษย์รุ่นใหม่ที่หมุนเวียนเข้ามาสืบทอดการแสดงหมอลำ ถึงแม้มีจำนวนไม่มากนักแต่ยังคงมีการสอบทอดมาอย่างต่อเนื่อง ซึ่งกลอนลำที่อนุรักษ์สืบทอดมานั้น เป็นหมอลำกลอนวาดอุบล หรือ ทำนองอุบล อันเป็นเอกลักษณ์ของจังหวัดอุบลราชธานี และถือได้ว่า ลำกลอนวาดอุบล เป็นกระบวนแบบการลำที่ได้รับการยอมรับว่ามีความไพเราะ มีระเบียบแบบแผน เนิบช้า ชัดถ้อยชัดคำ และได้รับความนิยมจากผู้ชมผู้ฟังอย่างกว้างขวาง (พรสวรรค์ พรดอนก่อ และ คณะ, 2560) และเป็นที่สังเกตว่าศิลปินหมอลำที่ได้รับการประกาศให้เป็นศิลปินแห่งชาติในสาขาศิลปะการแสดงพื้นบ้าน (หมอลำ) ทั้ง 6 ท่าน ล้วนแล้วแต่เป็นหมอลำวาดอุบลทั้งสิ้น ซึ่งปัจจุบันในเขตอำเภอสิรินธรได้มีการอนุรักษ์ และสืบทอดหมอลำกลอนวาดอุบล และมีชื่อเสียงในนาม หมอลำทำเกษตร",15.17395826,105.2035974,https://scontent.fcnx3-1.fna.fbcdn.net/v/t39.30808-6/365086142_1704578713300401_1704149981980715562_n.jpg?_nc_cat=101&ccb=1-7&_nc_sid=5f2048&_nc_ohc=2N7bbe3oEJ0Q7kNvgETvihI&_nc_ht=scontent.fcnx3-1.fna&oh=00_AYBLyq3_pI8_KRBp1gZNS68vwwjelBMcfRMdUjEGqT9P-Q&oe=666B7983,https://www.facebook.com/profile.php?id=100012448668412test-5,0627283058,วงนี้น่าจะสุดยอดที่สุดในอีสานแล้วครับ,18.367400031633316,103.656347732598,/uploads/1717936479201.jpg,0627283058
test-6,0627283058,รองลงมานะ,18.367400031633316,103.656347732598,https://www.youtube.com/watch?v=76zwbqBg4Gc,0627283058
test-6,06258314720,โน 1 แน่นอนวงนี้,17.40044274820385,104.78823745333708,https://www.youtube.com/watch?v=76zwbqBg4Gc
test-5,06258314720,asdasd,15.67843441820598,105.55408376841207,/uploads/1717937875869.jpg
